HI-II-14,Digg
,
0.3883097171783447,2.509023904800415
