HI-II-14,Digg
2.193636655807495,16.608121871948242
