HI-II-14,Yang-16,Yu-11,Venkatesan-09,H-I-05,Lit-BM,Test_space_screens-19,HI-union,HuRI,HI-union-exclude-14
1.0034284591674805,0.14034724235534668,0.3178679943084717,0.15721821784973145,0.36687445640563965,1.4610857963562012,0.256610631942749,3.274404287338257,2.989752769470215,0.8921465873718262
