Digg,HI-II-14
3.6007936000823975,0.30945587158203125
