Digg,HI-II-14
3.9734373092651367,0.3778717517852783
