HI-II-14,Yang-16,Yu-11,Venkatesan-09,H-I-05
1.0063164234161377,0.12901973724365234,0.27753686904907227,0.13453197479248047,0.36287450790405273
