Digg,HI-II-14
0.08658371140028048,0.05542062203032473
0.6687965393066406,0.08179426193237305
