HI-II-14,Yang-16,Yu-11,Venkatesan-09,H-I-05
0.05541318568243624,0.025539277154330884,0.01501688746269775,0.02364234056541749,0.03267483519126301
0.187913179397583,0.012154340744018555,0.020052194595336914,0.004057407379150391,0.039549827575683594
