HI-II-14,Yang-16,Yu-11,Venkatesan-09,H-I-05,Lit-BM,Test_space_screens-19,HI-union,HuRI
0.05541318568243624,0.025539277154330884,0.01501688746269775,0.02364234056541749,0.03267483519126301,0.05440143433759366,0.0551702451814059,0.1091515235686544,0.110346487810206
0.18177533149719238,0.012512922286987305,0.02085280418395996,0.00419926643371582,0.0404200553894043,0.26398158073425293,0.0184173583984375,0.8651418685913086,0.8141958713531494
