Digg,HI-II-14
0.08657860472364813,0.055414396250697155
0.6177723407745361,0.07732439041137695
