Digg,HI-II-14
13.069326877593994,2.367710590362549
