Digg,HI-II-14
0.18432617933237108,0.25737631942114736
0.5627608299255371,0.08505415916442871
