HI-II-14,Digg
1.9617609977722168,14.70286250114441
