HI-II-14,Digg
0.08936964617451955,0.09796606456800752
0.3824436664581299,2.489300012588501
