HI-II-14,Digg
0.4993280481460258,0.49991003832799075
0.3753833770751953,2.644214153289795
