HI-II-14,Digg
2.177617311477661,16.0610249042511
