HI-II-14,Digg
0.35805444386637963,0.3732846616326275
0.37344837188720703,2.5795857906341553
