HI-II-14,Digg
2.8516972064971924,19.726051807403564
