HI-II-14,Digg
3.3255255222320557,24.447965621948242
