HI-II-14,Digg
3.0570168495178223,25.262681007385254
