HI-II-14,Digg
2.2652037143707275,16.571592569351196
