HI-II-14,Yang-16,Yu-11,Venkatesan-09,H-I-05
0.1802623150581989,0.20150638728211398,0.2240230905861509,0.19436445907034208,0.20036160880925336
1.109689712524414,0.07398223876953125,0.13996648788452148,0.02676534652709961,0.2500638961791992
