HI-II-14,Yang-16,Yu-11,Venkatesan-09,H-I-05
5.290963411331177,0.5753879547119141,0.9226119518280029,0.47318267822265625,1.3887460231781006
