HI-II-14,Yang-16,Yu-11,Venkatesan-09,H-I-05,Lit-BM,Test_space_screens-19,HI-union,HuRI
5.023528575897217,0.5262439250946045,0.9412884712219238,0.4540441036224365,1.4165432453155518,5.614153146743774,0.8104312419891357,16.66166591644287,14.096726655960083
