HI-II-14,Digg
0.1802623058851249,0.19219461283064185
0.35323381423950195,2.5147287845611572
