HI-II-14,Yang-16,Yu-11,Venkatesan-09,H-I-05,Lit-BM,Test_space_screens-19,HI-union,HuRI,HI-union-exclude-14
0.1802623150581989,0.20150638728211398,0.2240230905861509,0.19436445907034208,0.20036160880925336,0.21388432609896477,0.2199716761165194,0.15567836656460338,0.15960947276437054,0.17324888149407916
0.9920837879180908,0.0737452507019043,0.13922905921936035,0.02420639991760254,0.25086331367492676,1.0749945640563965,0.1090552806854248,3.9870188236236572,3.2445626258850098,0.7723278999328613
