Digg,HI-II-14
3.7007765769958496,0.34987497329711914
