Digg,HI-II-14
0.05897913906602878,0.03337149378296489
0.5817916393280029,0.07658529281616211
