HI-II-14,Digg
2.2329776287078857,16.7015118598938
