HI-II-14,Yang-16,Yu-11,Venkatesan-09,H-I-05
0.25021819532425965,0.21334050131413138,0.18801073564762524,0.18933223639106028,0.19326772531209546
1.0301196575164795,0.07392311096191406,0.14167213439941406,0.02429509162902832,0.2507305145263672
