HI-II-14,Yang-16,Yu-11,Venkatesan-09,H-I-05
7.076636075973511,1.0976049900054932,1.6272733211517334,1.2525529861450195,2.527421474456787
