HI-II-14,Yang-16,Yu-11,Venkatesan-09,H-I-05,Lit-BM,Test_space_screens-19,HI-union,HuRI
0.25021819532425965,0.21334050131413138,0.18801073564762524,0.18933223639106028,0.19326772531209546,0.25234920219140317,0.24800089362750924,0.17729201044406834,0.18056585331128086
0.96588134765625,0.08428668975830078,0.14037442207336426,0.028197526931762695,0.25186753273010254,1.1037395000457764,0.10789346694946289,3.984611749649048,3.292790651321411
