HI-II-14,Yang-16,Yu-11,Venkatesan-09,H-I-05,Lit-BM,Test_space_screens-19,HI-union,HuRI
6.907005071640015,1.1171765327453613,1.6577754020690918,1.2602970600128174,2.5546364784240723,6.986497640609741,1.8044078350067139,32.046854972839355,25.152418613433838
