HI-II-14,Yang-16,Yu-11,Venkatesan-09,H-I-05,Lit-BM,Test_space_screens-19,HI-union,HuRI,HI-union-exclude-14
6.921308517456055,1.094254970550537,1.6460919380187988,1.2352371215820312,2.5131239891052246,6.933279037475586,1.779423713684082,31.227927207946777,24.945874452590942,5.01090145111084
