HI-II-14,Yang-16,Yu-11,Venkatesan-09,H-I-05
0.9465959072113037,0.1710069179534912,0.3094620704650879,0.18752717971801758,0.38736605644226074
