HI-II-14,Yang-16,Yu-11,Venkatesan-09,H-I-05,Lit-BM,Test_space_screens-19,HI-union,HuRI
0.9922032356262207,0.16951251029968262,0.3064253330230713,0.19315028190612793,0.3829498291015625,1.6350359916687012,0.31229615211486816,5.794907569885254,5.317251920700073
