HI-II-14,Yang-16,Yu-11,Venkatesan-09,H-I-05,Lit-BM,Test_space_screens-19,HI-union,HuRI
0.05851621801181457,0.026047205599911114,0.012904393861828716,0.02017094017094017,0.034146089152331374,0.05910251966401473,0.05146772250566893,0.17617681242050787,0.18382170350775834
0.23067474365234375,0.01249241828918457,0.020922422409057617,0.004146099090576172,0.04061460494995117,0.19297552108764648,0.01937723159790039,0.9087529182434082,0.7978048324584961
