HI-II-14,Yang-16,Yu-11,Venkatesan-09,H-I-05
0.05851621801181457,0.026047205599911114,0.012904393861828716,0.02017094017094017,0.034146089152331374
0.2248532772064209,0.012988567352294922,0.020545005798339844,0.004057645797729492,0.0412449836730957
