Digg,HI-II-14
13.747015237808228,1.7266795635223389
