HI-II-14,Yang-16,Yu-11,Venkatesan-09,H-I-05
2.2386364936828613,0.17729949951171875,0.33119916915893555,0.19687581062316895,0.5403323173522949
