HI-II-14,Yang-16,Yu-11,Venkatesan-09,H-I-05,Lit-BM,Test_space_screens-19,HI-union,HuRI
2.45166015625,0.18951702117919922,0.3530895709991455,0.2084052562713623,0.5407731533050537,2.374748945236206,0.327777624130249,9.41657543182373,7.464871883392334
