HI-II-14,Yang-16,Yu-11,Venkatesan-09,H-I-05,Lit-BM,Test_space_screens-19,HI-union,HuRI
0.2559309053753554,0.04673735337534325,0.02679206882343393,0.03289940828402367,0.0921067755488909,0.14531891809242706,0.07224790958049887,0.31811434927318005,0.28273242029552065
0.22106480598449707,0.012571334838867188,0.020006895065307617,0.0036683082580566406,0.03955864906311035,0.19135737419128418,0.01968097686767578,0.9820313453674316,0.7716584205627441
