HI-II-14,Yang-16,Yu-11,Venkatesan-09,H-I-05
0.2559309053753554,0.04673735337534325,0.02679206882343393,0.03289940828402367,0.0921067755488909
0.22173810005187988,0.012075662612915039,0.01980447769165039,0.004176616668701172,0.03935074806213379
