Digg,HI-II-14
0.22870755710256238,0.24986319137498939
0.637338399887085,0.10002970695495605
