HI-II-14,Digg
2.5581722259521484,19.600354433059692
