HI-II-14,Digg
,
0.38584303855895996,2.5990960597991943
