HI-II-14,Yang-16,Yu-11,Venkatesan-09,H-I-05,Lit-BM,Test_space_screens-19,HI-union,HuRI
0.1877411406221977,0.18911800496757863,0.12456732609882903,0.1239819004524889,0.198815763551903,0.21963070406789292,0.22911145692098933,0.160810740975857,0.16440585020297094
0.9636390209197998,0.07164430618286133,0.13853025436401367,0.025031089782714844,0.23795628547668457,1.1277151107788086,0.10867667198181152,3.921478271484375,3.3436567783355713
