HI-II-14,Yang-16,Yu-11,Venkatesan-09,H-I-05,Lit-BM,Test_space_screens-19,HI-union,HuRI,HI-union-exclude-14
7.930353164672852,0.8745331764221191,0.6899104118347168,0.44965600967407227,2.5786006450653076,7.927491664886475,1.5988938808441162,33.793495893478394,27.747822761535645,6.0194478034973145
