HI-II-14,Yang-16,Yu-11,Venkatesan-09,H-I-05
8.0748450756073,0.9224140644073486,0.7180187702178955,0.4904778003692627,2.714036226272583
