HI-II-14,Yang-16,Yu-11,Venkatesan-09,H-I-05
0.1877411406221977,0.18911800496757863,0.12456732609882903,0.1239819004524889,0.198815763551903
0.9966681003570557,0.07232332229614258,0.14099502563476562,0.025940656661987305,0.2403721809387207
