HI-II-14,Digg
8.134057760238647,60.31287693977356
