HI-II-14,Digg
0.47607660591246986,0.48852199589634
1.067251443862915,7.171977758407593
