HI-II-14,Yang-16,Yu-11,Venkatesan-09,H-I-05,Lit-BM,Test_space_screens-19,HI-union,HuRI
6.0014612674713135,0.9141581058502197,1.6323554515838623,1.2224104404449463,2.3206238746643066,5.66706395149231,2.0498406887054443,31.54654359817505,25.45555806159973
