HI-II-14,Yang-16,Yu-11,Venkatesan-09,H-I-05
5.990606069564819,0.9290790557861328,1.6076703071594238,1.1929972171783447,2.336613416671753
