HI-II-14,Yang-16,Yu-11,Venkatesan-09,H-I-05
0.2508218661499667,0.27905254852278677,0.24642524273673083,0.26862745098039253,0.32065265853759195
1.0068964958190918,0.07326722145080566,0.13937783241271973,0.02461862564086914,0.2387089729309082
