HI-II-14,Digg
0.25076498391820207,0.2878067582280397
0.3487865924835205,2.5807361602783203
