HI-II-14,Digg
2.7792038917541504,21.870003700256348
