HI-II-14,Yang-16,Yu-11,Venkatesan-09,H-I-05,Lit-BM,Test_space_screens-19,HI-union,HuRI
0.2508218661499667,0.27905254852278677,0.24642524273673083,0.26862745098039253,0.32065265853759195,0.36676457948241753,0.3125629134311166,0.1693808657699757,0.17371888387033108
1.0294685363769531,0.07256555557250977,0.14255762100219727,0.024966716766357422,0.2434377670288086,1.0924015045166016,0.10951948165893555,4.002589464187622,3.312621593475342
