HI-II-14,Yang-16,Yu-11,Venkatesan-09,H-I-05,Lit-BM,Test_space_screens-19,HI-union,HuRI
3.372065782546997,0.16694068908691406,0.3625922203063965,0.1911313533782959,0.41606736183166504,2.6373915672302246,0.32549142837524414,28.69789433479309,22.331400632858276
