HI-II-14,Yang-16,Yu-11,Venkatesan-09,H-I-05
3.3819241523742676,0.1661357879638672,0.37456417083740234,0.19020915031433105,0.40110182762145996
