HI-II-14,Yang-16,Yu-11,Venkatesan-09,H-I-05
0.29254085307592426,0.03798352407104649,0.06143009651762414,0.02280078895463511,0.04881132582616569
0.20630216598510742,0.012665271759033203,0.019931554794311523,0.004070281982421875,0.03977560997009277
