HI-II-14,Yang-16,Yu-11,Venkatesan-09,H-I-05,Lit-BM,Test_space_screens-19,HI-union,HuRI
0.29254085307592426,0.03798352407104649,0.06143009651762414,0.02280078895463511,0.04881132582616569,0.1643783762816734,0.06979210955215419,0.465088288038049,0.4457325221636797
0.18854928016662598,0.012806892395019531,0.021496057510375977,0.00480341911315918,0.07688212394714355,0.1942906379699707,0.019007444381713867,0.9807567596435547,0.7553503513336182
