HI-II-14,Digg
8.39919924736023,60.504820823669434
