HI-II-14,Digg
,
1.0364341735839844,6.965364694595337
