HI-II-14,Digg
3.0278916358947754,24.98004388809204
