HI-II-14,Digg
1.9949822425842285,14.38870096206665
