HI-II-14,Digg
0.09139649787944835,0.10013187998468102
0.3565552234649658,2.5039284229278564
